{
  "name": "jspdl",
  "rules": {
    "program": {
      "type": "REPEAT",
      "content": {
        "type": "CHOICE",
        "members": [
          {
            "type": "SYMBOL",
            "name": "_statement_and_declaration"
          },
          {
            "type": "SYMBOL",
            "name": "function_declaration"
          }
        ]
      }
    },
    "type": {
      "type": "FIELD",
      "name": "type",
      "content": {
        "type": "CHOICE",
        "members": [
          {
            "type": "STRING",
            "value": "int"
          },
          {
            "type": "STRING",
            "value": "boolean"
          },
          {
            "type": "STRING",
            "value": "string"
          }
        ]
      }
    },
    "_statement_and_declaration": {
      "type": "CHOICE",
      "members": [
        {
          "type": "SYMBOL",
          "name": "let_statement"
        },
        {
          "type": "SYMBOL",
          "name": "_statement"
        }
      ]
    },
    "block_and_declaration": {
      "type": "SEQ",
      "members": [
        {
          "type": "STRING",
          "value": "{"
        },
        {
          "type": "REPEAT",
          "content": {
            "type": "SYMBOL",
            "name": "_statement_and_declaration"
          }
        },
        {
          "type": "STRING",
          "value": "}"
        }
      ]
    },
    "block": {
      "type": "SEQ",
      "members": [
        {
          "type": "STRING",
          "value": "{"
        },
        {
          "type": "REPEAT",
          "content": {
            "type": "SYMBOL",
            "name": "_statement"
          }
        },
        {
          "type": "STRING",
          "value": "}"
        }
      ]
    },
    "_statement": {
      "type": "CHOICE",
      "members": [
        {
          "type": "SYMBOL",
          "name": "if_statement"
        },
        {
          "type": "SYMBOL",
          "name": "do_while_statement"
        },
        {
          "type": "SYMBOL",
          "name": "return_statement"
        },
        {
          "type": "SYMBOL",
          "name": "print_statement"
        },
        {
          "type": "SYMBOL",
          "name": "input_statement"
        },
        {
          "type": "SEQ",
          "members": [
            {
              "type": "SYMBOL",
              "name": "function_call"
            },
            {
              "type": "STRING",
              "value": ";"
            }
          ]
        },
        {
          "type": "SYMBOL",
          "name": "assignment_statement"
        },
        {
          "type": "SEQ",
          "members": [
            {
              "type": "SYMBOL",
              "name": "post_increment_statement"
            },
            {
              "type": "STRING",
              "value": ";"
            }
          ]
        }
      ]
    },
    "let_statement": {
      "type": "SEQ",
      "members": [
        {
          "type": "STRING",
          "value": "let"
        },
        {
          "type": "FIELD",
          "name": "type",
          "content": {
            "type": "SYMBOL",
            "name": "type"
          }
        },
        {
          "type": "FIELD",
          "name": "identifier",
          "content": {
            "type": "SYMBOL",
            "name": "identifier"
          }
        },
        {
          "type": "STRING",
          "value": ";"
        }
      ]
    },
    "if_statement": {
      "type": "SEQ",
      "members": [
        {
          "type": "STRING",
          "value": "if"
        },
        {
          "type": "STRING",
          "value": "("
        },
        {
          "type": "FIELD",
          "name": "if_condition",
          "content": {
            "type": "SYMBOL",
            "name": "_expression"
          }
        },
        {
          "type": "STRING",
          "value": ")"
        },
        {
          "type": "FIELD",
          "name": "if_body",
          "content": {
            "type": "CHOICE",
            "members": [
              {
                "type": "SYMBOL",
                "name": "_statement"
              },
              {
                "type": "SYMBOL",
                "name": "block"
              }
            ]
          }
        }
      ]
    },
    "do_while_statement": {
      "type": "SEQ",
      "members": [
        {
          "type": "STRING",
          "value": "do"
        },
        {
          "type": "FIELD",
          "name": "do_while_body",
          "content": {
            "type": "SYMBOL",
            "name": "block_and_declaration"
          }
        },
        {
          "type": "STRING",
          "value": "while"
        },
        {
          "type": "STRING",
          "value": "("
        },
        {
          "type": "FIELD",
          "name": "do_while_condition",
          "content": {
            "type": "SYMBOL",
            "name": "_expression"
          }
        },
        {
          "type": "STRING",
          "value": ")"
        },
        {
          "type": "STRING",
          "value": ";"
        }
      ]
    },
    "return_statement": {
      "type": "SEQ",
      "members": [
        {
          "type": "STRING",
          "value": "return"
        },
        {
          "type": "FIELD",
          "name": "return_value",
          "content": {
            "type": "CHOICE",
            "members": [
              {
                "type": "SYMBOL",
                "name": "_expression"
              },
              {
                "type": "BLANK"
              }
            ]
          }
        },
        {
          "type": "STRING",
          "value": ";"
        }
      ]
    },
    "print_statement": {
      "type": "SEQ",
      "members": [
        {
          "type": "STRING",
          "value": "print"
        },
        {
          "type": "STRING",
          "value": "("
        },
        {
          "type": "SYMBOL",
          "name": "_expression"
        },
        {
          "type": "STRING",
          "value": ")"
        },
        {
          "type": "STRING",
          "value": ";"
        }
      ]
    },
    "input_statement": {
      "type": "SEQ",
      "members": [
        {
          "type": "STRING",
          "value": "input"
        },
        {
          "type": "STRING",
          "value": "("
        },
        {
          "type": "SYMBOL",
          "name": "identifier"
        },
        {
          "type": "STRING",
          "value": ")"
        },
        {
          "type": "STRING",
          "value": ";"
        }
      ]
    },
    "function_call": {
      "type": "SEQ",
      "members": [
        {
          "type": "SYMBOL",
          "name": "identifier"
        },
        {
          "type": "STRING",
          "value": "("
        },
        {
          "type": "CHOICE",
          "members": [
            {
              "type": "SYMBOL",
              "name": "argument_list"
            },
            {
              "type": "BLANK"
            }
          ]
        },
        {
          "type": "STRING",
          "value": ")"
        }
      ]
    },
    "assignment_statement": {
      "type": "SEQ",
      "members": [
        {
          "type": "FIELD",
          "name": "identifier",
          "content": {
            "type": "SYMBOL",
            "name": "identifier"
          }
        },
        {
          "type": "STRING",
          "value": "="
        },
        {
          "type": "SYMBOL",
          "name": "_expression"
        },
        {
          "type": "STRING",
          "value": ";"
        }
      ]
    },
    "post_increment_statement": {
      "type": "SEQ",
      "members": [
        {
          "type": "SYMBOL",
          "name": "identifier"
        },
        {
          "type": "STRING",
          "value": "++"
        }
      ]
    },
    "argument_list": {
      "type": "SEQ",
      "members": [
        {
          "type": "SYMBOL",
          "name": "_expression"
        },
        {
          "type": "REPEAT",
          "content": {
            "type": "SEQ",
            "members": [
              {
                "type": "STRING",
                "value": ","
              },
              {
                "type": "SYMBOL",
                "name": "_expression"
              }
            ]
          }
        }
      ]
    },
    "function_declaration": {
      "type": "SEQ",
      "members": [
        {
          "type": "STRING",
          "value": "function"
        },
        {
          "type": "SYMBOL",
          "name": "identifier"
        },
        {
          "type": "CHOICE",
          "members": [
            {
              "type": "SYMBOL",
              "name": "type"
            },
            {
              "type": "BLANK"
            }
          ]
        },
        {
          "type": "SYMBOL",
          "name": "argument_declaration_list"
        },
        {
          "type": "SYMBOL",
          "name": "block_and_declaration"
        }
      ]
    },
    "argument_declaration_list": {
      "type": "SEQ",
      "members": [
        {
          "type": "STRING",
          "value": "("
        },
        {
          "type": "CHOICE",
          "members": [
            {
              "type": "SYMBOL",
              "name": "argument_declaration"
            },
            {
              "type": "BLANK"
            }
          ]
        },
        {
          "type": "CHOICE",
          "members": [
            {
              "type": "REPEAT",
              "content": {
                "type": "SEQ",
                "members": [
                  {
                    "type": "STRING",
                    "value": ","
                  },
                  {
                    "type": "SYMBOL",
                    "name": "argument_declaration"
                  }
                ]
              }
            },
            {
              "type": "BLANK"
            }
          ]
        },
        {
          "type": "STRING",
          "value": ")"
        }
      ]
    },
    "argument_declaration": {
      "type": "SEQ",
      "members": [
        {
          "type": "FIELD",
          "name": "type",
          "content": {
            "type": "SYMBOL",
            "name": "type"
          }
        },
        {
          "type": "FIELD",
          "name": "name",
          "content": {
            "type": "SYMBOL",
            "name": "identifier"
          }
        }
      ]
    },
    "parenthesized_expression": {
      "type": "SEQ",
      "members": [
        {
          "type": "STRING",
          "value": "("
        },
        {
          "type": "SYMBOL",
          "name": "_expression"
        },
        {
          "type": "STRING",
          "value": ")"
        }
      ]
    },
    "_expression": {
      "type": "CHOICE",
      "members": [
        {
          "type": "SYMBOL",
          "name": "value"
        },
        {
          "type": "SYMBOL",
          "name": "or_expression"
        },
        {
          "type": "SYMBOL",
          "name": "equality_expression"
        },
        {
          "type": "SYMBOL",
          "name": "addition_expression"
        }
      ]
    },
    "or_expression": {
      "type": "PREC_LEFT",
      "value": 1,
      "content": {
        "type": "SEQ",
        "members": [
          {
            "type": "SYMBOL",
            "name": "_expression"
          },
          {
            "type": "STRING",
            "value": "||"
          },
          {
            "type": "SYMBOL",
            "name": "_expression"
          }
        ]
      }
    },
    "equality_expression": {
      "type": "PREC_LEFT",
      "value": 2,
      "content": {
        "type": "SEQ",
        "members": [
          {
            "type": "SYMBOL",
            "name": "_expression"
          },
          {
            "type": "STRING",
            "value": "=="
          },
          {
            "type": "SYMBOL",
            "name": "_expression"
          }
        ]
      }
    },
    "addition_expression": {
      "type": "PREC_LEFT",
      "value": 3,
      "content": {
        "type": "SEQ",
        "members": [
          {
            "type": "SYMBOL",
            "name": "_expression"
          },
          {
            "type": "STRING",
            "value": "+"
          },
          {
            "type": "SYMBOL",
            "name": "_expression"
          }
        ]
      }
    },
    "value": {
      "type": "CHOICE",
      "members": [
        {
          "type": "SYMBOL",
          "name": "_expression_value"
        },
        {
          "type": "SYMBOL",
          "name": "function_call"
        },
        {
          "type": "SYMBOL",
          "name": "parenthesized_expression"
        },
        {
          "type": "SYMBOL",
          "name": "identifier"
        }
      ]
    },
    "_expression_value": {
      "type": "CHOICE",
      "members": [
        {
          "type": "SYMBOL",
          "name": "post_increment_statement"
        },
        {
          "type": "SYMBOL",
          "name": "literal_string"
        },
        {
          "type": "SYMBOL",
          "name": "literal_number"
        },
        {
          "type": "SYMBOL",
          "name": "literal_boolean"
        }
      ]
    },
    "literal_string": {
      "type": "PATTERN",
      "value": "\"[^\"]*\""
    },
    "literal_number": {
      "type": "PATTERN",
      "value": "-?\\d+"
    },
    "literal_boolean": {
      "type": "CHOICE",
      "members": [
        {
          "type": "STRING",
          "value": "true"
        },
        {
          "type": "STRING",
          "value": "false"
        }
      ]
    },
    "identifier": {
      "type": "PATTERN",
      "value": "[a-zA-Z_]\\w*"
    }
  },
  "extras": [
    {
      "type": "PATTERN",
      "value": "\\s"
    },
    {
      "type": "PATTERN",
      "value": "\\n"
    },
    {
      "type": "PATTERN",
      "value": "\\xa0"
    },
    {
      "type": "PATTERN",
      "value": "\\/\\/.*\\n"
    },
    {
      "type": "PATTERN",
      "value": "\\/\\*[^*]*\\*+(?:[^/*][^*]*\\*+)*\\/"
    }
  ],
  "conflicts": [],
  "precedences": [],
  "externals": [],
  "inline": [],
  "supertypes": []
}

