[
  {
    "type": "addition_expression",
    "named": true,
    "fields": {},
    "children": {
      "multiple": true,
      "required": true,
      "types": [
        {
          "type": "addition_expression",
          "named": true
        },
        {
          "type": "equality_expression",
          "named": true
        },
        {
          "type": "or_expression",
          "named": true
        },
        {
          "type": "value",
          "named": true
        }
      ]
    }
  },
  {
    "type": "argument_declaration",
    "named": true,
    "fields": {
      "name": {
        "multiple": false,
        "required": true,
        "types": [
          {
            "type": "identifier",
            "named": true
          }
        ]
      },
      "type": {
        "multiple": false,
        "required": true,
        "types": [
          {
            "type": "type",
            "named": true
          }
        ]
      }
    }
  },
  {
    "type": "argument_declaration_list",
    "named": true,
    "fields": {},
    "children": {
      "multiple": true,
      "required": false,
      "types": [
        {
          "type": "argument_declaration",
          "named": true
        }
      ]
    }
  },
  {
    "type": "argument_list",
    "named": true,
    "fields": {},
    "children": {
      "multiple": true,
      "required": true,
      "types": [
        {
          "type": "addition_expression",
          "named": true
        },
        {
          "type": "equality_expression",
          "named": true
        },
        {
          "type": "or_expression",
          "named": true
        },
        {
          "type": "value",
          "named": true
        }
      ]
    }
  },
  {
    "type": "assignment_statement",
    "named": true,
    "fields": {
      "identifier": {
        "multiple": false,
        "required": true,
        "types": [
          {
            "type": "identifier",
            "named": true
          }
        ]
      }
    },
    "children": {
      "multiple": false,
      "required": true,
      "types": [
        {
          "type": "addition_expression",
          "named": true
        },
        {
          "type": "equality_expression",
          "named": true
        },
        {
          "type": "or_expression",
          "named": true
        },
        {
          "type": "value",
          "named": true
        }
      ]
    }
  },
  {
    "type": "block",
    "named": true,
    "fields": {},
    "children": {
      "multiple": true,
      "required": false,
      "types": [
        {
          "type": "assignment_statement",
          "named": true
        },
        {
          "type": "do_while_statement",
          "named": true
        },
        {
          "type": "function_call",
          "named": true
        },
        {
          "type": "if_statement",
          "named": true
        },
        {
          "type": "input_statement",
          "named": true
        },
        {
          "type": "post_increment_statement",
          "named": true
        },
        {
          "type": "print_statement",
          "named": true
        },
        {
          "type": "return_statement",
          "named": true
        }
      ]
    }
  },
  {
    "type": "block_and_declaration",
    "named": true,
    "fields": {},
    "children": {
      "multiple": true,
      "required": false,
      "types": [
        {
          "type": "assignment_statement",
          "named": true
        },
        {
          "type": "do_while_statement",
          "named": true
        },
        {
          "type": "function_call",
          "named": true
        },
        {
          "type": "if_statement",
          "named": true
        },
        {
          "type": "input_statement",
          "named": true
        },
        {
          "type": "let_statement",
          "named": true
        },
        {
          "type": "post_increment_statement",
          "named": true
        },
        {
          "type": "print_statement",
          "named": true
        },
        {
          "type": "return_statement",
          "named": true
        }
      ]
    }
  },
  {
    "type": "do_while_statement",
    "named": true,
    "fields": {
      "do_while_body": {
        "multiple": false,
        "required": true,
        "types": [
          {
            "type": "block_and_declaration",
            "named": true
          }
        ]
      },
      "do_while_condition": {
        "multiple": false,
        "required": true,
        "types": [
          {
            "type": "addition_expression",
            "named": true
          },
          {
            "type": "equality_expression",
            "named": true
          },
          {
            "type": "or_expression",
            "named": true
          },
          {
            "type": "value",
            "named": true
          }
        ]
      }
    }
  },
  {
    "type": "equality_expression",
    "named": true,
    "fields": {},
    "children": {
      "multiple": true,
      "required": true,
      "types": [
        {
          "type": "addition_expression",
          "named": true
        },
        {
          "type": "equality_expression",
          "named": true
        },
        {
          "type": "or_expression",
          "named": true
        },
        {
          "type": "value",
          "named": true
        }
      ]
    }
  },
  {
    "type": "function_call",
    "named": true,
    "fields": {},
    "children": {
      "multiple": true,
      "required": true,
      "types": [
        {
          "type": "argument_list",
          "named": true
        },
        {
          "type": "identifier",
          "named": true
        }
      ]
    }
  },
  {
    "type": "function_declaration",
    "named": true,
    "fields": {},
    "children": {
      "multiple": true,
      "required": true,
      "types": [
        {
          "type": "argument_declaration_list",
          "named": true
        },
        {
          "type": "block_and_declaration",
          "named": true
        },
        {
          "type": "identifier",
          "named": true
        },
        {
          "type": "type",
          "named": true
        }
      ]
    }
  },
  {
    "type": "if_statement",
    "named": true,
    "fields": {
      "if_body": {
        "multiple": true,
        "required": true,
        "types": [
          {
            "type": ";",
            "named": false
          },
          {
            "type": "assignment_statement",
            "named": true
          },
          {
            "type": "block",
            "named": true
          },
          {
            "type": "do_while_statement",
            "named": true
          },
          {
            "type": "function_call",
            "named": true
          },
          {
            "type": "if_statement",
            "named": true
          },
          {
            "type": "input_statement",
            "named": true
          },
          {
            "type": "post_increment_statement",
            "named": true
          },
          {
            "type": "print_statement",
            "named": true
          },
          {
            "type": "return_statement",
            "named": true
          }
        ]
      },
      "if_condition": {
        "multiple": false,
        "required": true,
        "types": [
          {
            "type": "addition_expression",
            "named": true
          },
          {
            "type": "equality_expression",
            "named": true
          },
          {
            "type": "or_expression",
            "named": true
          },
          {
            "type": "value",
            "named": true
          }
        ]
      }
    }
  },
  {
    "type": "input_statement",
    "named": true,
    "fields": {},
    "children": {
      "multiple": false,
      "required": true,
      "types": [
        {
          "type": "identifier",
          "named": true
        }
      ]
    }
  },
  {
    "type": "let_statement",
    "named": true,
    "fields": {
      "identifier": {
        "multiple": false,
        "required": true,
        "types": [
          {
            "type": "identifier",
            "named": true
          }
        ]
      },
      "type": {
        "multiple": false,
        "required": true,
        "types": [
          {
            "type": "type",
            "named": true
          }
        ]
      }
    }
  },
  {
    "type": "literal_boolean",
    "named": true,
    "fields": {}
  },
  {
    "type": "or_expression",
    "named": true,
    "fields": {},
    "children": {
      "multiple": true,
      "required": true,
      "types": [
        {
          "type": "addition_expression",
          "named": true
        },
        {
          "type": "equality_expression",
          "named": true
        },
        {
          "type": "or_expression",
          "named": true
        },
        {
          "type": "value",
          "named": true
        }
      ]
    }
  },
  {
    "type": "parenthesized_expression",
    "named": true,
    "fields": {},
    "children": {
      "multiple": false,
      "required": true,
      "types": [
        {
          "type": "addition_expression",
          "named": true
        },
        {
          "type": "equality_expression",
          "named": true
        },
        {
          "type": "or_expression",
          "named": true
        },
        {
          "type": "value",
          "named": true
        }
      ]
    }
  },
  {
    "type": "post_increment_statement",
    "named": true,
    "fields": {},
    "children": {
      "multiple": false,
      "required": true,
      "types": [
        {
          "type": "identifier",
          "named": true
        }
      ]
    }
  },
  {
    "type": "print_statement",
    "named": true,
    "fields": {},
    "children": {
      "multiple": false,
      "required": true,
      "types": [
        {
          "type": "addition_expression",
          "named": true
        },
        {
          "type": "equality_expression",
          "named": true
        },
        {
          "type": "or_expression",
          "named": true
        },
        {
          "type": "value",
          "named": true
        }
      ]
    }
  },
  {
    "type": "program",
    "named": true,
    "fields": {},
    "children": {
      "multiple": true,
      "required": false,
      "types": [
        {
          "type": "assignment_statement",
          "named": true
        },
        {
          "type": "do_while_statement",
          "named": true
        },
        {
          "type": "function_call",
          "named": true
        },
        {
          "type": "function_declaration",
          "named": true
        },
        {
          "type": "if_statement",
          "named": true
        },
        {
          "type": "input_statement",
          "named": true
        },
        {
          "type": "let_statement",
          "named": true
        },
        {
          "type": "post_increment_statement",
          "named": true
        },
        {
          "type": "print_statement",
          "named": true
        },
        {
          "type": "return_statement",
          "named": true
        }
      ]
    }
  },
  {
    "type": "return_statement",
    "named": true,
    "fields": {
      "return_value": {
        "multiple": false,
        "required": false,
        "types": [
          {
            "type": "addition_expression",
            "named": true
          },
          {
            "type": "equality_expression",
            "named": true
          },
          {
            "type": "or_expression",
            "named": true
          },
          {
            "type": "value",
            "named": true
          }
        ]
      }
    }
  },
  {
    "type": "type",
    "named": true,
    "fields": {
      "type": {
        "multiple": false,
        "required": true,
        "types": [
          {
            "type": "boolean",
            "named": false
          },
          {
            "type": "int",
            "named": false
          },
          {
            "type": "string",
            "named": false
          }
        ]
      }
    }
  },
  {
    "type": "value",
    "named": true,
    "fields": {},
    "children": {
      "multiple": false,
      "required": true,
      "types": [
        {
          "type": "function_call",
          "named": true
        },
        {
          "type": "identifier",
          "named": true
        },
        {
          "type": "literal_boolean",
          "named": true
        },
        {
          "type": "literal_number",
          "named": true
        },
        {
          "type": "literal_string",
          "named": true
        },
        {
          "type": "parenthesized_expression",
          "named": true
        },
        {
          "type": "post_increment_statement",
          "named": true
        }
      ]
    }
  },
  {
    "type": "(",
    "named": false
  },
  {
    "type": ")",
    "named": false
  },
  {
    "type": "+",
    "named": false
  },
  {
    "type": "++",
    "named": false
  },
  {
    "type": ",",
    "named": false
  },
  {
    "type": ";",
    "named": false
  },
  {
    "type": "=",
    "named": false
  },
  {
    "type": "==",
    "named": false
  },
  {
    "type": "boolean",
    "named": false
  },
  {
    "type": "do",
    "named": false
  },
  {
    "type": "false",
    "named": false
  },
  {
    "type": "function",
    "named": false
  },
  {
    "type": "identifier",
    "named": true
  },
  {
    "type": "if",
    "named": false
  },
  {
    "type": "input",
    "named": false
  },
  {
    "type": "int",
    "named": false
  },
  {
    "type": "let",
    "named": false
  },
  {
    "type": "literal_number",
    "named": true
  },
  {
    "type": "literal_string",
    "named": true
  },
  {
    "type": "print",
    "named": false
  },
  {
    "type": "return",
    "named": false
  },
  {
    "type": "string",
    "named": false
  },
  {
    "type": "true",
    "named": false
  },
  {
    "type": "while",
    "named": false
  },
  {
    "type": "{",
    "named": false
  },
  {
    "type": "||",
    "named": false
  },
  {
    "type": "}",
    "named": false
  }
]